{
  "n_samples": 360,
  "missing_pred": 0,
  "extra_pred": 0,
  "micro": {
    "tp": 1538,
    "fp": 147,
    "fn": 513,
    "precision": 0.912759643916914,
    "recall": 0.749878108239883,
    "f1": 0.8233404710920771
  },
  "macro": {
    "avg_over": "nonempty_gt",
    "precision": 0.8836351611351614,
    "recall": 0.761844428719429,
    "f1": 0.8052120742060432,
    "count": 360
  },
  "jaccard": 0.7373996677795698,
  "score": 0.7713058709928065
}