{"_runtime": 7189, "_timestamp": 1760881203.9147844, "_step": 12, "train/loss": 26.0502, "train/grad_norm": 0.9151020646095276, "train/learning_rate": 4.883720930232558e-06, "train/epoch": 2.9485714285714284, "train/global_step": 129, "train_runtime": 7131.3884, "train_samples_per_second": 1.47, "train_steps_per_second": 0.018, "total_flos": 4.4907730907745485e+17, "train_loss": 904.5632328950157}